"id";"name"
26;"Asia Package Travel - Day Tours"
17;"Asia Travel Image"
27;"Bravo Indochina Tours"
12;"Buffalo Tours"
21;"Deluxe Group Tours"
16;"Dragon Travel Viet - Private Day Tours"
31;"Footsteps Indochina Travel"
32;"Golden Rice Tours"
8;"Heaven and Earth Bicycle Tours"
5;"Hoi An Express"
2;"Hoi An Food Tour - Private Day Tours"
3;"Hoi An Handicraft Tours"
9;"Hoi An Kayak Tours"
15;"Hoian Urban Adventures"
30;"Little Orchid Travel"
19;"Mekong Rustic"
24;"Phat Tire Ventures"
18;"Rose Travel Service - Day Tours"
14;"Sabirama Cooking Tour & Restaurant"
23;"Saigon City Tours - Day Tours"
13;"Scooter Tours Vietnam"
6;"Sea TREK VietNam"
20;"Sun N` Sea Travel"
25;"Threeland Travel"
1;"Thuan Tinh Island - Cooking Tour"
7;"Tommy Dao Tours"
11;"TTP Henry Travel Hoi An"
29;"V`explore Travel"
4;"Venus Travel"
28;"Vietnam Allure Travel"
22;"Vietnam Travel Group"
10;"Ylang-Ylang Spa"
